{
  "name": "root",
  "gauges": [
    {
      "name": "VehicleBrain.mean_reward",
      "value": 0.027934859694248776,
      "min": 0.018680125378321262,
      "max": 0.032274551798783246,
      "count": 531
    }
  ],
  "total": 3761.4623333000004,
  "count": 1,
  "self": 91.23895299996457,
  "children": [
    {
      "name": "TrainerController.advance",
      "total": 3670.223380300036,
      "count": 242402,
      "self": 4.262993600122627,
      "children": [
        {
          "name": "env_step",
          "total": 2266.0738438998496,
          "count": 242402,
          "self": 2045.4297284999184,
          "children": [
            {
              "name": "SubprocessEnvManager._take_step",
              "total": 217.1327176999666,
              "count": 242402,
              "self": 13.229624899940973,
              "children": [
                {
                  "name": "PPOPolicy.evaluate",
                  "total": 203.90309280002563,
                  "count": 242402,
                  "self": 203.90309280002563
                }
              ]
            },
            {
              "name": "workers",
              "total": 3.511397699964574,
              "count": 242402,
              "self": 0.0,
              "children": [
                {
                  "name": "worker_root",
                  "total": 3754.00323109998,
                  "count": 242402,
                  "is_parallel": true,
                  "self": 2045.4987549000164,
                  "children": [
                    {
                      "name": "batched_step_result_from_proto",
                      "total": 0.0012004999999994936,
                      "count": 1,
                      "is_parallel": true,
                      "self": 0.000154699999999508,
                      "children": [
                        {
                          "name": "_process_vector_observation",
                          "total": 0.0010457999999999856,
                          "count": 1,
                          "is_parallel": true,
                          "self": 0.0010457999999999856
                        }
                      ]
                    },
                    {
                      "name": "UnityEnvironment.step",
                      "total": 1708.5032756999635,
                      "count": 242402,
                      "is_parallel": true,
                      "self": 38.79838329986569,
                      "children": [
                        {
                          "name": "UnityEnvironment._generate_step_input",
                          "total": 52.74034090002333,
                          "count": 242402,
                          "is_parallel": true,
                          "self": 52.74034090002333
                        },
                        {
                          "name": "communicator.exchange",
                          "total": 1517.7339228999926,
                          "count": 242402,
                          "is_parallel": true,
                          "self": 1517.7339228999926
                        },
                        {
                          "name": "batched_step_result_from_proto",
                          "total": 99.23062860008194,
                          "count": 242402,
                          "is_parallel": true,
                          "self": 20.045900200061823,
                          "children": [
                            {
                              "name": "_process_vector_observation",
                              "total": 79.18472840002012,
                              "count": 242402,
                              "is_parallel": true,
                              "self": 79.18472840002012
                            }
                          ]
                        }
                      ]
                    }
                  ]
                }
              ]
            }
          ]
        },
        {
          "name": "trainer_advance",
          "total": 1399.8865428000636,
          "count": 242402,
          "self": 15.78029049993529,
          "children": [
            {
              "name": "process_trajectory",
              "total": 716.1285829001288,
              "count": 242402,
              "self": 716.1285829001288
            },
            {
              "name": "_update_policy",
              "total": 667.9776693999995,
              "count": 518,
              "self": 423.2542119000134,
              "children": [
                {
                  "name": "PPOPolicy.update",
                  "total": 244.72345749998615,
                  "count": 15517,
                  "self": 244.72345749998615
                }
              ]
            }
          ]
        }
      ]
    }
  ]
}