{
  "name": "root",
  "gauges": [
    {
      "name": "VehicleBrain.mean_reward",
      "value": 16.979999620467424,
      "min": 0.046392495355543295,
      "max": 41.03999908268452,
      "count": 538
    }
  ],
  "total": 8327.6852698,
  "count": 1,
  "self": 124.86745750003865,
  "children": [
    {
      "name": "TrainerController.advance",
      "total": 8202.817812299962,
      "count": 293588,
      "self": 5.217171799629796,
      "children": [
        {
          "name": "env_step",
          "total": 6528.687840500171,
          "count": 293588,
          "self": 6223.065189500297,
          "children": [
            {
              "name": "SubprocessEnvManager._take_step",
              "total": 301.3620249000953,
              "count": 293588,
              "self": 15.801206800134366,
              "children": [
                {
                  "name": "PPOPolicy.evaluate",
                  "total": 285.56081809996095,
                  "count": 293588,
                  "self": 285.56081809996095
                }
              ]
            },
            {
              "name": "workers",
              "total": 4.260626099779028,
              "count": 293587,
              "self": 0.0,
              "children": [
                {
                  "name": "worker_root",
                  "total": 8318.527249799807,
                  "count": 293587,
                  "is_parallel": true,
                  "self": 2510.0808771997245,
                  "children": [
                    {
                      "name": "batched_step_result_from_proto",
                      "total": 0.0009271999999995728,
                      "count": 1,
                      "is_parallel": true,
                      "self": 0.00015720000000030154,
                      "children": [
                        {
                          "name": "_process_vector_observation",
                          "total": 0.0007699999999992713,
                          "count": 1,
                          "is_parallel": true,
                          "self": 0.0007699999999992713
                        }
                      ]
                    },
                    {
                      "name": "UnityEnvironment.step",
                      "total": 5808.4454454000825,
                      "count": 293587,
                      "is_parallel": true,
                      "self": 44.04675899979429,
                      "children": [
                        {
                          "name": "UnityEnvironment._generate_step_input",
                          "total": 58.340514699865906,
                          "count": 293587,
                          "is_parallel": true,
                          "self": 58.340514699865906
                        },
                        {
                          "name": "communicator.exchange",
                          "total": 5594.369380300127,
                          "count": 293587,
                          "is_parallel": true,
                          "self": 5594.369380300127
                        },
                        {
                          "name": "batched_step_result_from_proto",
                          "total": 111.68879140029523,
                          "count": 293587,
                          "is_parallel": true,
                          "self": 24.601520300192348,
                          "children": [
                            {
                              "name": "_process_vector_observation",
                              "total": 87.08727110010288,
                              "count": 293587,
                              "is_parallel": true,
                              "self": 87.08727110010288
                            }
                          ]
                        }
                      ]
                    }
                  ]
                }
              ]
            }
          ]
        },
        {
          "name": "trainer_advance",
          "total": 1668.912800000161,
          "count": 293587,
          "self": 15.874207900422789,
          "children": [
            {
              "name": "process_trajectory",
              "total": 809.6129593997371,
              "count": 293587,
              "self": 809.6129593997371
            },
            {
              "name": "_update_policy",
              "total": 843.4256327000011,
              "count": 523,
              "self": 473.18300450003176,
              "children": [
                {
                  "name": "PPOPolicy.update",
                  "total": 370.2426281999693,
                  "count": 15690,
                  "self": 370.2426281999693
                }
              ]
            }
          ]
        }
      ]
    }
  ]
}