{
  "name": "root",
  "total": 4.0194542,
  "count": 1,
  "self": 4.0194542
}