{
  "name": "root",
  "gauges": [
    {
      "name": "VehicleBrain.mean_reward",
      "value": -39.27414061351063,
      "min": -39.529881422687325,
      "max": -38.34334958395468,
      "count": 1821
    }
  ],
  "total": 6862.9330564,
  "count": 1,
  "self": 130.88280810006836,
  "children": [
    {
      "name": "TrainerController.advance",
      "total": 6732.050248299932,
      "count": 341312,
      "self": 6.016143499777172,
      "children": [
        {
          "name": "env_step",
          "total": 3515.228269300117,
          "count": 341312,
          "self": 3168.6728421001126,
          "children": [
            {
              "name": "SubprocessEnvManager._take_step",
              "total": 341.6349353999258,
              "count": 341312,
              "self": 25.965633799921363,
              "children": [
                {
                  "name": "PPOPolicy.evaluate",
                  "total": 315.6693016000044,
                  "count": 341312,
                  "self": 315.6693016000044
                }
              ]
            },
            {
              "name": "workers",
              "total": 4.92049180007862,
              "count": 341311,
              "self": 0.0,
              "children": [
                {
                  "name": "worker_root",
                  "total": 6852.72244500002,
                  "count": 341311,
                  "is_parallel": true,
                  "self": 4338.3953674000295,
                  "children": [
                    {
                      "name": "batched_step_result_from_proto",
                      "total": 0.0013012000000003354,
                      "count": 1,
                      "is_parallel": true,
                      "self": 0.00015020000000021128,
                      "children": [
                        {
                          "name": "_process_vector_observation",
                          "total": 0.0011510000000001241,
                          "count": 1,
                          "is_parallel": true,
                          "self": 0.0011510000000001241
                        }
                      ]
                    },
                    {
                      "name": "UnityEnvironment.step",
                      "total": 2514.3257763999914,
                      "count": 341311,
                      "is_parallel": true,
                      "self": 87.29842689988482,
                      "children": [
                        {
                          "name": "UnityEnvironment._generate_step_input",
                          "total": 141.07730460013406,
                          "count": 341311,
                          "is_parallel": true,
                          "self": 141.07730460013406
                        },
                        {
                          "name": "communicator.exchange",
                          "total": 2018.264337100021,
                          "count": 341311,
                          "is_parallel": true,
                          "self": 2018.264337100021
                        },
                        {
                          "name": "batched_step_result_from_proto",
                          "total": 267.68570779995184,
                          "count": 341311,
                          "is_parallel": true,
                          "self": 43.734480299832,
                          "children": [
                            {
                              "name": "_process_vector_observation",
                              "total": 223.95122750011984,
                              "count": 341311,
                              "is_parallel": true,
                              "self": 223.95122750011984
                            }
                          ]
                        }
                      ]
                    }
                  ]
                }
              ]
            }
          ]
        },
        {
          "name": "trainer_advance",
          "total": 3210.8058355000376,
          "count": 341311,
          "self": 27.090033300019513,
          "children": [
            {
              "name": "process_trajectory",
              "total": 1298.4268393000161,
              "count": 341311,
              "self": 1298.4268393000161
            },
            {
              "name": "_update_policy",
              "total": 1885.288962900002,
              "count": 1763,
              "self": 1425.7700301999685,
              "children": [
                {
                  "name": "PPOPolicy.update",
                  "total": 459.5189327000335,
                  "count": 52941,
                  "self": 459.5189327000335
                }
              ]
            }
          ]
        }
      ]
    }
  ]
}