Steps,Policy/Entropy,Policy/Learning Rate,Environment/Cumulative Reward,Environment/Episode Length,Policy/Extrinsic Value Estimate,Policy/Extrinsic Reward
10000,1.4189383,0.00029700872,0.22928709055876687,18.277456647398843,-0.5152138,0.22972972972972974
20000,1.4188842,0.00029100679,0.24500907441016334,17.137931034482758,-0.29056028,0.24500907441016334
30000,1.4189854,0.00028499894,0.25662251655629137,15.564569536423841,-0.07748153,0.25662251655629137
40000,1.4194623,0.0002790094,0.2516025641025641,15.012820512820513,0.03376599,0.2516025641025641
