{
  "name": "root",
  "total": 3.6290786000000006,
  "count": 1,
  "self": 3.6290786000000006
}