Steps,Policy/Entropy,Policy/Learning Rate,Environment/Cumulative Reward,Environment/Episode Length,Policy/Extrinsic Value Estimate,Policy/Extrinsic Reward
10000,1.4189383,0.00029702124,0.23204419889502761,17.4585635359116,0.08156992,0.23247232472324722
20000,1.4187583,0.00029100748,0.28596491228070176,16.528070175438597,0.18392017,0.28596491228070176
30000,1.4189864,0.00028500723,0.29233511586452765,16.805704099821746,0.2630025,0.2905525846702317
40000,1.4185491,0.00027899572,0.32229965156794427,16.428571428571427,0.24603012,0.3240418118466899
50000,1.4177557,0.00027301096,0.36626916524701875,16.03747870528109,0.23376349,0.36626916524701875
