{
  "name": "root",
  "total": 62.3169046,
  "count": 1,
  "self": 62.3169046
}