{
  "name": "root",
  "gauges": [
    {
      "name": "My Behavior.mean_reward",
      "value": 0.3401374494420089,
      "min": 0.03858007174759154,
      "max": 0.3401374494420089,
      "count": 844
    }
  ],
  "total": 17338.2678965,
  "count": 1,
  "self": 339.612513399763,
  "children": [
    {
      "name": "TrainerController.advance",
      "total": 16998.65538310024,
      "count": 983764,
      "self": 16.988202799431747,
      "children": [
        {
          "name": "env_step",
          "total": 11603.518945900072,
          "count": 983764,
          "self": 10429.805861400373,
          "children": [
            {
              "name": "SubprocessEnvManager._take_step",
              "total": 1159.0776106996386,
              "count": 983764,
              "self": 44.24516260007158,
              "children": [
                {
                  "name": "PPOPolicy.evaluate",
                  "total": 1114.832448099567,
                  "count": 983764,
                  "self": 1114.832448099567
                }
              ]
            },
            {
              "name": "workers",
              "total": 14.635473800060183,
              "count": 983763,
              "self": 0.0,
              "children": [
                {
                  "name": "worker_root",
                  "total": 17310.968324201673,
                  "count": 983763,
                  "is_parallel": true,
                  "self": 8076.01434250177,
                  "children": [
                    {
                      "name": "batched_step_result_from_proto",
                      "total": 0.0008282999999984497,
                      "count": 1,
                      "is_parallel": true,
                      "self": 0.00012429999999952202,
                      "children": [
                        {
                          "name": "_process_vector_observation",
                          "total": 0.0007039999999989277,
                          "count": 1,
                          "is_parallel": true,
                          "self": 0.0007039999999989277
                        }
                      ]
                    },
                    {
                      "name": "UnityEnvironment.step",
                      "total": 9234.953153399902,
                      "count": 983763,
                      "is_parallel": true,
                      "self": 109.18394399867975,
                      "children": [
                        {
                          "name": "UnityEnvironment._generate_step_input",
                          "total": 123.30820370008851,
                          "count": 983763,
                          "is_parallel": true,
                          "self": 123.30820370008851
                        },
                        {
                          "name": "communicator.exchange",
                          "total": 8749.555139300757,
                          "count": 983763,
                          "is_parallel": true,
                          "self": 8749.555139300757
                        },
                        {
                          "name": "batched_step_result_from_proto",
                          "total": 252.90586640037768,
                          "count": 983763,
                          "is_parallel": true,
                          "self": 66.95891620071183,
                          "children": [
                            {
                              "name": "_process_vector_observation",
                              "total": 185.94695019966585,
                              "count": 983763,
                              "is_parallel": true,
                              "self": 185.94695019966585
                            }
                          ]
                        }
                      ]
                    }
                  ]
                }
              ]
            }
          ]
        },
        {
          "name": "trainer_advance",
          "total": 5378.148234400735,
          "count": 983763,
          "self": 37.3669317004742,
          "children": [
            {
              "name": "process_trajectory",
              "total": 3346.377097100213,
              "count": 983763,
              "self": 3346.377097100213
            },
            {
              "name": "_update_policy",
              "total": 1994.4042056000476,
              "count": 823,
              "self": 746.9707362000897,
              "children": [
                {
                  "name": "PPOPolicy.update",
                  "total": 1247.4334693999579,
                  "count": 24690,
                  "self": 1247.4334693999579
                }
              ]
            }
          ]
        }
      ]
    }
  ]
}