{
  "name": "root",
  "gauges": [
    {
      "name": "VehicleBrain.mean_reward",
      "value": 1.0294897729074772,
      "min": 0.09138733501506195,
      "max": 6.853888735692534,
      "count": 2038
    }
  ],
  "total": 14298.6322401,
  "count": 1,
  "self": 219.4956539002087,
  "children": [
    {
      "name": "TrainerController.advance",
      "total": 14079.136586199791,
      "count": 625175,
      "self": 11.495851599567686,
      "children": [
        {
          "name": "env_step",
          "total": 8826.94685550022,
          "count": 625175,
          "self": 8107.723499299507,
          "children": [
            {
              "name": "SubprocessEnvManager._take_step",
              "total": 709.8443529000922,
              "count": 625175,
              "self": 40.375685300274995,
              "children": [
                {
                  "name": "PPOPolicy.evaluate",
                  "total": 669.4686675998172,
                  "count": 625175,
                  "self": 669.4686675998172
                }
              ]
            },
            {
              "name": "workers",
              "total": 9.379003300620521,
              "count": 625174,
              "self": 0.0,
              "children": [
                {
                  "name": "worker_root",
                  "total": 14280.67342989967,
                  "count": 625174,
                  "is_parallel": true,
                  "self": 7167.896029899829,
                  "children": [
                    {
                      "name": "batched_step_result_from_proto",
                      "total": 0.0009479999999975064,
                      "count": 1,
                      "is_parallel": true,
                      "self": 0.0001320999999947503,
                      "children": [
                        {
                          "name": "_process_vector_observation",
                          "total": 0.0008159000000027561,
                          "count": 1,
                          "is_parallel": true,
                          "self": 0.0008159000000027561
                        }
                      ]
                    },
                    {
                      "name": "UnityEnvironment.step",
                      "total": 7112.776451999842,
                      "count": 625174,
                      "is_parallel": true,
                      "self": 121.42777349907283,
                      "children": [
                        {
                          "name": "UnityEnvironment._generate_step_input",
                          "total": 183.26153380061845,
                          "count": 625174,
                          "is_parallel": true,
                          "self": 183.26153380061845
                        },
                        {
                          "name": "communicator.exchange",
                          "total": 6477.761769800423,
                          "count": 625174,
                          "is_parallel": true,
                          "self": 6477.761769800423
                        },
                        {
                          "name": "batched_step_result_from_proto",
                          "total": 330.32537489972754,
                          "count": 625174,
                          "is_parallel": true,
                          "self": 62.960385999803066,
                          "children": [
                            {
                              "name": "_process_vector_observation",
                              "total": 267.36498889992447,
                              "count": 625174,
                              "is_parallel": true,
                              "self": 267.36498889992447
                            }
                          ]
                        }
                      ]
                    }
                  ]
                }
              ]
            }
          ]
        },
        {
          "name": "trainer_advance",
          "total": 5240.693879100002,
          "count": 625174,
          "self": 53.26808309968965,
          "children": [
            {
              "name": "process_trajectory",
              "total": 1799.0226563002989,
              "count": 625174,
              "self": 1799.0226563002989
            },
            {
              "name": "_update_policy",
              "total": 3388.403139700013,
              "count": 1982,
              "self": 1738.648600999879,
              "children": [
                {
                  "name": "PPOPolicy.update",
                  "total": 1649.7545387001342,
                  "count": 59460,
                  "self": 1649.7545387001342
                }
              ]
            }
          ]
        }
      ]
    }
  ]
}