{
  "name": "root",
  "gauges": [
    {
      "name": "VehicleBrain.mean_reward",
      "value": 0.6199999861419201,
      "min": 0.3076556707790374,
      "max": 0.6199999861419201,
      "count": 114
    }
  ],
  "total": 468.838126,
  "count": 1,
  "self": 16.640417800001956,
  "children": [
    {
      "name": "TrainerController.advance",
      "total": 452.19770819999803,
      "count": 10651,
      "self": 0.21942729999568655,
      "children": [
        {
          "name": "env_step",
          "total": 227.57863320000016,
          "count": 10651,
          "self": 214.91558899999873,
          "children": [
            {
              "name": "SubprocessEnvManager._take_step",
              "total": 12.503646100001308,
              "count": 10651,
              "self": 1.4626212000036602,
              "children": [
                {
                  "name": "PPOPolicy.evaluate",
                  "total": 11.041024899997648,
                  "count": 10651,
                  "self": 11.041024899997648
                }
              ]
            },
            {
              "name": "workers",
              "total": 0.15939810000010368,
              "count": 10650,
              "self": 0.0,
              "children": [
                {
                  "name": "worker_root",
                  "total": 467.45486139999997,
                  "count": 10650,
                  "is_parallel": true,
                  "self": 284.7913786999966,
                  "children": [
                    {
                      "name": "batched_step_result_from_proto",
                      "total": 0.001972399999999652,
                      "count": 1,
                      "is_parallel": true,
                      "self": 0.0002174000000003673,
                      "children": [
                        {
                          "name": "_process_vector_observation",
                          "total": 0.001754999999999285,
                          "count": 1,
                          "is_parallel": true,
                          "self": 0.001754999999999285
                        }
                      ]
                    },
                    {
                      "name": "UnityEnvironment.step",
                      "total": 182.6615103000034,
                      "count": 10650,
                      "is_parallel": true,
                      "self": 5.112368599998206,
                      "children": [
                        {
                          "name": "UnityEnvironment._generate_step_input",
                          "total": 8.970203300003039,
                          "count": 10650,
                          "is_parallel": true,
                          "self": 8.970203300003039
                        },
                        {
                          "name": "communicator.exchange",
                          "total": 151.97069170000213,
                          "count": 10650,
                          "is_parallel": true,
                          "self": 151.97069170000213
                        },
                        {
                          "name": "batched_step_result_from_proto",
                          "total": 16.608246700000024,
                          "count": 10650,
                          "is_parallel": true,
                          "self": 2.6304416000024897,
                          "children": [
                            {
                              "name": "_process_vector_observation",
                              "total": 13.977805099997534,
                              "count": 10650,
                              "is_parallel": true,
                              "self": 13.977805099997534
                            }
                          ]
                        }
                      ]
                    }
                  ]
                }
              ]
            }
          ]
        },
        {
          "name": "trainer_advance",
          "total": 224.39964770000222,
          "count": 10650,
          "self": 1.20851490000166,
          "children": [
            {
              "name": "process_trajectory",
              "total": 98.28793090000084,
              "count": 10650,
              "self": 98.28793090000084
            },
            {
              "name": "_update_policy",
              "total": 124.90320189999973,
              "count": 111,
              "self": 94.26747020000059,
              "children": [
                {
                  "name": "PPOPolicy.update",
                  "total": 30.635731699999145,
                  "count": 3330,
                  "self": 30.635731699999145
                }
              ]
            }
          ]
        }
      ]
    }
  ]
}