{
  "name": "root",
  "gauges": [
    {
      "name": "VehicleBrain.mean_reward",
      "value": 0.44385415674575296,
      "min": 0.04008435169788716,
      "max": 0.5897727140902795,
      "count": 4044
    }
  ],
  "total": 58153.935503400004,
  "count": 1,
  "self": 754.7199600029126,
  "children": [
    {
      "name": "TrainerController.advance",
      "total": 57399.21554339709,
      "count": 2053805,
      "self": 33.89593979700294,
      "children": [
        {
          "name": "env_step",
          "total": 22461.082179502562,
          "count": 2053805,
          "self": 17351.56033100493,
          "children": [
            {
              "name": "SubprocessEnvManager._take_step",
              "total": 5080.2551274987645,
              "count": 2053805,
              "self": 109.4390123000876,
              "children": [
                {
                  "name": "PPOPolicy.evaluate",
                  "total": 4970.816115198677,
                  "count": 2053805,
                  "self": 4970.816115198677
                }
              ]
            },
            {
              "name": "workers",
              "total": 29.26672099886766,
              "count": 2053804,
              "self": 0.0,
              "children": [
                {
                  "name": "worker_root",
                  "total": 58101.32164300102,
                  "count": 2053804,
                  "is_parallel": true,
                  "self": 43641.029380903514,
                  "children": [
                    {
                      "name": "batched_step_result_from_proto",
                      "total": 0.0012611000000006811,
                      "count": 1,
                      "is_parallel": true,
                      "self": 0.0001365999999993761,
                      "children": [
                        {
                          "name": "_process_vector_observation",
                          "total": 0.001124500000001305,
                          "count": 1,
                          "is_parallel": true,
                          "self": 0.001124500000001305
                        }
                      ]
                    },
                    {
                      "name": "UnityEnvironment.step",
                      "total": 14460.291000997506,
                      "count": 2053804,
                      "is_parallel": true,
                      "self": 302.96380469628457,
                      "children": [
                        {
                          "name": "UnityEnvironment._generate_step_input",
                          "total": 405.40079079755185,
                          "count": 2053804,
                          "is_parallel": true,
                          "self": 405.40079079755185
                        },
                        {
                          "name": "communicator.exchange",
                          "total": 12996.219280797797,
                          "count": 2053804,
                          "is_parallel": true,
                          "self": 12996.219280797797
                        },
                        {
                          "name": "batched_step_result_from_proto",
                          "total": 755.7071247058713,
                          "count": 2053804,
                          "is_parallel": true,
                          "self": 163.7185764073165,
                          "children": [
                            {
                              "name": "_process_vector_observation",
                              "total": 591.9885482985547,
                              "count": 2053804,
                              "is_parallel": true,
                              "self": 591.9885482985547
                            }
                          ]
                        }
                      ]
                    }
                  ]
                }
              ]
            }
          ]
        },
        {
          "name": "trainer_advance",
          "total": 34904.237424097526,
          "count": 2053804,
          "self": 125.24760089474876,
          "children": [
            {
              "name": "process_trajectory",
              "total": 8899.682546002794,
              "count": 2053804,
              "self": 8899.682546002794
            },
            {
              "name": "_update_policy",
              "total": 25879.307277199983,
              "count": 3939,
              "self": 3776.111452700625,
              "children": [
                {
                  "name": "PPOPolicy.update",
                  "total": 22103.19582449936,
                  "count": 118170,
                  "self": 22103.19582449936
                }
              ]
            }
          ]
        }
      ]
    }
  ]
}