{
  "name": "root",
  "gauges": [
    {
      "name": "UnityCarAgent.mean_reward",
      "value": 1.7707575361780596,
      "min": 0.23757281022381435,
      "max": 2.8038094611394975,
      "count": 2199
    }
  ],
  "total": 21709.759744500003,
  "count": 1,
  "self": 122.38149810027608,
  "children": [
    {
      "name": "TrainerController.advance",
      "total": 21587.378246399727,
      "count": 305249,
      "self": 6.482977699393814,
      "children": [
        {
          "name": "env_step",
          "total": 12796.274427400112,
          "count": 305249,
          "self": 12271.718360300347,
          "children": [
            {
              "name": "SubprocessEnvManager._take_step",
              "total": 519.6706457997728,
              "count": 305249,
              "self": 32.03926629988695,
              "children": [
                {
                  "name": "PPOPolicy.evaluate",
                  "total": 487.6313794998859,
                  "count": 305249,
                  "self": 487.6313794998859
                }
              ]
            },
            {
              "name": "workers",
              "total": 4.885421299992862,
              "count": 305248,
              "self": 0.0,
              "children": [
                {
                  "name": "worker_root",
                  "total": 21699.945186500412,
                  "count": 305248,
                  "is_parallel": true,
                  "self": 10194.303150300451,
                  "children": [
                    {
                      "name": "batched_step_result_from_proto",
                      "total": 0.002652300000000274,
                      "count": 1,
                      "is_parallel": true,
                      "self": 0.000210900000000791,
                      "children": [
                        {
                          "name": "_process_vector_observation",
                          "total": 0.002441399999999483,
                          "count": 1,
                          "is_parallel": true,
                          "self": 0.002441399999999483
                        }
                      ]
                    },
                    {
                      "name": "UnityEnvironment.step",
                      "total": 11505.639383899961,
                      "count": 305248,
                      "is_parallel": true,
                      "self": 146.01757719966372,
                      "children": [
                        {
                          "name": "UnityEnvironment._generate_step_input",
                          "total": 186.88604729998838,
                          "count": 305248,
                          "is_parallel": true,
                          "self": 186.88604729998838
                        },
                        {
                          "name": "communicator.exchange",
                          "total": 10625.157830599648,
                          "count": 305248,
                          "is_parallel": true,
                          "self": 10625.157830599648
                        },
                        {
                          "name": "batched_step_result_from_proto",
                          "total": 547.5779288006607,
                          "count": 305248,
                          "is_parallel": true,
                          "self": 58.1300665009814,
                          "children": [
                            {
                              "name": "_process_vector_observation",
                              "total": 489.44786229967934,
                              "count": 305248,
                              "is_parallel": true,
                              "self": 489.44786229967934
                            }
                          ]
                        }
                      ]
                    }
                  ]
                }
              ]
            }
          ]
        },
        {
          "name": "trainer_advance",
          "total": 8784.62084130022,
          "count": 305248,
          "self": 38.69263100028547,
          "children": [
            {
              "name": "process_trajectory",
              "total": 5590.626775899869,
              "count": 305248,
              "self": 5590.626775899869
            },
            {
              "name": "_update_policy",
              "total": 3155.3014344000653,
              "count": 2134,
              "self": 1917.7711857002796,
              "children": [
                {
                  "name": "PPOPolicy.update",
                  "total": 1237.5302486997857,
                  "count": 64020,
                  "self": 1237.5302486997857
                }
              ]
            }
          ]
        }
      ]
    }
  ]
}