{
  "name": "root",
  "gauges": [
    {
      "name": "VehicleBrain.mean_reward",
      "value": 4.6065623970353045,
      "min": 0.2800866989418864,
      "max": 10.766841864605484,
      "count": 9227
    }
  ],
  "total": 44786.131490700005,
  "count": 1,
  "self": 312.6116609034798,
  "children": [
    {
      "name": "TrainerController.advance",
      "total": 44473.519829796525,
      "count": 854433,
      "self": 17.995686399866827,
      "children": [
        {
          "name": "env_step",
          "total": 17561.82162979626,
          "count": 854433,
          "self": 14590.383466995754,
          "children": [
            {
              "name": "SubprocessEnvManager._take_step",
              "total": 2957.932971798614,
              "count": 854433,
              "self": 115.4234027985276,
              "children": [
                {
                  "name": "PPOPolicy.evaluate",
                  "total": 2842.5095690000862,
                  "count": 854433,
                  "self": 2842.5095690000862
                }
              ]
            },
            {
              "name": "workers",
              "total": 13.505191001892586,
              "count": 854433,
              "self": 0.0,
              "children": [
                {
                  "name": "worker_root",
                  "total": 44760.93822919953,
                  "count": 854433,
                  "is_parallel": true,
                  "self": 32814.301058102224,
                  "children": [
                    {
                      "name": "batched_step_result_from_proto",
                      "total": 0.0033704000000005507,
                      "count": 1,
                      "is_parallel": true,
                      "self": 0.0004154000000005098,
                      "children": [
                        {
                          "name": "_process_vector_observation",
                          "total": 0.002955000000000041,
                          "count": 1,
                          "is_parallel": true,
                          "self": 0.002955000000000041
                        }
                      ]
                    },
                    {
                      "name": "UnityEnvironment.step",
                      "total": 11946.633800697302,
                      "count": 854433,
                      "is_parallel": true,
                      "self": 408.3801486987795,
                      "children": [
                        {
                          "name": "UnityEnvironment._generate_step_input",
                          "total": 703.9867750012271,
                          "count": 854433,
                          "is_parallel": true,
                          "self": 703.9867750012271
                        },
                        {
                          "name": "communicator.exchange",
                          "total": 9520.655120199737,
                          "count": 854433,
                          "is_parallel": true,
                          "self": 9520.655120199737
                        },
                        {
                          "name": "batched_step_result_from_proto",
                          "total": 1313.611756797557,
                          "count": 854433,
                          "is_parallel": true,
                          "self": 208.09888519762853,
                          "children": [
                            {
                              "name": "_process_vector_observation",
                              "total": 1105.5128715999285,
                              "count": 854433,
                              "is_parallel": true,
                              "self": 1105.5128715999285
                            }
                          ]
                        }
                      ]
                    }
                  ]
                }
              ]
            }
          ]
        },
        {
          "name": "trainer_advance",
          "total": 26893.702513600394,
          "count": 854433,
          "self": 122.52602169924648,
          "children": [
            {
              "name": "process_trajectory",
              "total": 6897.557219601076,
              "count": 854433,
              "self": 6897.557219601076
            },
            {
              "name": "_update_policy",
              "total": 19873.61927230007,
              "count": 8935,
              "self": 7921.356748201812,
              "children": [
                {
                  "name": "PPOPolicy.update",
                  "total": 11952.26252409826,
                  "count": 268026,
                  "self": 11952.26252409826
                }
              ]
            }
          ]
        }
      ]
    }
  ]
}