{
  "name": "root",
  "gauges": [
    {
      "name": "VehicleBrain.mean_reward",
      "value": 0.03660185512532268,
      "min": 0.0055242462723295,
      "max": 0.04519160003975777,
      "count": 816
    }
  ],
  "total": 13872.260966400001,
  "count": 1,
  "self": 279.88099809981395,
  "children": [
    {
      "name": "TrainerController.advance",
      "total": 13592.379968300187,
      "count": 669797,
      "self": 12.485039501187202,
      "children": [
        {
          "name": "env_step",
          "total": 5727.622113499379,
          "count": 669797,
          "self": 4777.587436799387,
          "children": [
            {
              "name": "SubprocessEnvManager._take_step",
              "total": 939.7759810004352,
              "count": 669797,
              "self": 38.52667940018682,
              "children": [
                {
                  "name": "PPOPolicy.evaluate",
                  "total": 901.2493016002484,
                  "count": 669797,
                  "self": 901.2493016002484
                }
              ]
            },
            {
              "name": "workers",
              "total": 10.25869569955622,
              "count": 669797,
              "self": 0.0,
              "children": [
                {
                  "name": "worker_root",
                  "total": 13852.83660049967,
                  "count": 669797,
                  "is_parallel": true,
                  "self": 9999.851828199333,
                  "children": [
                    {
                      "name": "batched_step_result_from_proto",
                      "total": 0.0015451000000012982,
                      "count": 1,
                      "is_parallel": true,
                      "self": 0.00025660000000016225,
                      "children": [
                        {
                          "name": "_process_vector_observation",
                          "total": 0.001288500000001136,
                          "count": 1,
                          "is_parallel": true,
                          "self": 0.001288500000001136
                        }
                      ]
                    },
                    {
                      "name": "UnityEnvironment.step",
                      "total": 3852.983227200337,
                      "count": 669797,
                      "is_parallel": true,
                      "self": 98.41986969937898,
                      "children": [
                        {
                          "name": "UnityEnvironment._generate_step_input",
                          "total": 127.46773420029561,
                          "count": 669797,
                          "is_parallel": true,
                          "self": 127.46773420029561
                        },
                        {
                          "name": "communicator.exchange",
                          "total": 3389.8477142001757,
                          "count": 669797,
                          "is_parallel": true,
                          "self": 3389.8477142001757
                        },
                        {
                          "name": "batched_step_result_from_proto",
                          "total": 237.24790910048665,
                          "count": 669797,
                          "is_parallel": true,
                          "self": 53.73583370082815,
                          "children": [
                            {
                              "name": "_process_vector_observation",
                              "total": 183.5120753996585,
                              "count": 669797,
                              "is_parallel": true,
                              "self": 183.5120753996585
                            }
                          ]
                        }
                      ]
                    }
                  ]
                }
              ]
            }
          ]
        },
        {
          "name": "trainer_advance",
          "total": 7852.272815299621,
          "count": 669797,
          "self": 28.94506109930171,
          "children": [
            {
              "name": "process_trajectory",
              "total": 5610.008759300328,
              "count": 669797,
              "self": 5610.008759300328
            },
            {
              "name": "_update_policy",
              "total": 2213.3189948999907,
              "count": 796,
              "self": 791.1310703000838,
              "children": [
                {
                  "name": "PPOPolicy.update",
                  "total": 1422.1879245999069,
                  "count": 23880,
                  "self": 1422.1879245999069
                }
              ]
            }
          ]
        }
      ]
    }
  ]
}