{
  "name": "root",
  "gauges": [
    {
      "name": "VehicleBrain.mean_reward",
      "value": 0.04883642386626232,
      "min": 0.00596014963944676,
      "max": 0.056432159542663014,
      "count": 2118
    }
  ],
  "total": 42203.2380254,
  "count": 1,
  "self": 570.5910574005466,
  "children": [
    {
      "name": "TrainerController.advance",
      "total": 41632.646967999455,
      "count": 1504428,
      "self": 31.581422799099528,
      "children": [
        {
          "name": "env_step",
          "total": 15829.292557699742,
          "count": 1504428,
          "self": 11854.17310320307,
          "children": [
            {
              "name": "SubprocessEnvManager._take_step",
              "total": 3949.9240831977118,
              "count": 1504428,
              "self": 99.29950949516979,
              "children": [
                {
                  "name": "PPOPolicy.evaluate",
                  "total": 3850.624573702542,
                  "count": 1504428,
                  "self": 3850.624573702542
                }
              ]
            },
            {
              "name": "workers",
              "total": 25.195371298960445,
              "count": 1504428,
              "self": 0.0,
              "children": [
                {
                  "name": "worker_root",
                  "total": 42149.14239419971,
                  "count": 1504428,
                  "is_parallel": true,
                  "self": 32560.653490597997,
                  "children": [
                    {
                      "name": "batched_step_result_from_proto",
                      "total": 0.0012606999999995594,
                      "count": 1,
                      "is_parallel": true,
                      "self": 0.0001534000000003033,
                      "children": [
                        {
                          "name": "_process_vector_observation",
                          "total": 0.001107299999999256,
                          "count": 1,
                          "is_parallel": true,
                          "self": 0.001107299999999256
                        }
                      ]
                    },
                    {
                      "name": "UnityEnvironment.step",
                      "total": 9588.487642901715,
                      "count": 1504428,
                      "is_parallel": true,
                      "self": 239.45269260086934,
                      "children": [
                        {
                          "name": "UnityEnvironment._generate_step_input",
                          "total": 306.64224499823916,
                          "count": 1504428,
                          "is_parallel": true,
                          "self": 306.64224499823916
                        },
                        {
                          "name": "communicator.exchange",
                          "total": 8449.51274029968,
                          "count": 1504428,
                          "is_parallel": true,
                          "self": 8449.51274029968
                        },
                        {
                          "name": "batched_step_result_from_proto",
                          "total": 592.879965002927,
                          "count": 1504428,
                          "is_parallel": true,
                          "self": 133.66949919838822,
                          "children": [
                            {
                              "name": "_process_vector_observation",
                              "total": 459.2104658045387,
                              "count": 1504428,
                              "is_parallel": true,
                              "self": 459.2104658045387
                            }
                          ]
                        }
                      ]
                    }
                  ]
                }
              ]
            }
          ]
        },
        {
          "name": "trainer_advance",
          "total": 25771.772987500615,
          "count": 1504428,
          "self": 83.95246090223736,
          "children": [
            {
              "name": "process_trajectory",
              "total": 14067.98686789849,
              "count": 1504428,
              "self": 14067.98686789849
            },
            {
              "name": "_update_policy",
              "total": 11619.833658699888,
              "count": 2066,
              "self": 2403.824687598775,
              "children": [
                {
                  "name": "PPOPolicy.update",
                  "total": 9216.008971101113,
                  "count": 61972,
                  "self": 9216.008971101113
                }
              ]
            }
          ]
        }
      ]
    }
  ]
}