{
  "name": "root",
  "gauges": [
    {
      "name": "VehicleBrain.mean_reward",
      "value": 42.015554616434706,
      "min": 0.06745328568953338,
      "max": 119.93999731913209,
      "count": 985
    }
  ],
  "total": 8570.568108,
  "count": 1,
  "self": 165.45087910009897,
  "children": [
    {
      "name": "TrainerController.advance",
      "total": 8405.1172288999,
      "count": 441713,
      "self": 8.61071549992812,
      "children": [
        {
          "name": "env_step",
          "total": 5625.34688780005,
          "count": 441713,
          "self": 5130.578996799758,
          "children": [
            {
              "name": "SubprocessEnvManager._take_step",
              "total": 487.7878083001467,
              "count": 441713,
              "self": 27.490376400366358,
              "children": [
                {
                  "name": "PPOPolicy.evaluate",
                  "total": 460.29743189978035,
                  "count": 441713,
                  "self": 460.29743189978035
                }
              ]
            },
            {
              "name": "workers",
              "total": 6.980082700145459,
              "count": 441712,
              "self": 0.0,
              "children": [
                {
                  "name": "worker_root",
                  "total": 8556.328698200125,
                  "count": 441712,
                  "is_parallel": true,
                  "self": 4100.434982600386,
                  "children": [
                    {
                      "name": "batched_step_result_from_proto",
                      "total": 0.0008264000000011151,
                      "count": 1,
                      "is_parallel": true,
                      "self": 0.00011900000000153454,
                      "children": [
                        {
                          "name": "_process_vector_observation",
                          "total": 0.0007073999999995806,
                          "count": 1,
                          "is_parallel": true,
                          "self": 0.0007073999999995806
                        }
                      ]
                    },
                    {
                      "name": "UnityEnvironment.step",
                      "total": 4455.892889199738,
                      "count": 441712,
                      "is_parallel": true,
                      "self": 82.26703100035684,
                      "children": [
                        {
                          "name": "UnityEnvironment._generate_step_input",
                          "total": 114.70739469990312,
                          "count": 441712,
                          "is_parallel": true,
                          "self": 114.70739469990312
                        },
                        {
                          "name": "communicator.exchange",
                          "total": 4051.2815688997944,
                          "count": 441712,
                          "is_parallel": true,
                          "self": 4051.2815688997944
                        },
                        {
                          "name": "batched_step_result_from_proto",
                          "total": 207.63689459968367,
                          "count": 441712,
                          "is_parallel": true,
                          "self": 43.40018719999142,
                          "children": [
                            {
                              "name": "_process_vector_observation",
                              "total": 164.23670739969225,
                              "count": 441712,
                              "is_parallel": true,
                              "self": 164.23670739969225
                            }
                          ]
                        }
                      ]
                    }
                  ]
                }
              ]
            }
          ]
        },
        {
          "name": "trainer_advance",
          "total": 2771.159625599922,
          "count": 441712,
          "self": 29.956843600214597,
          "children": [
            {
              "name": "process_trajectory",
              "total": 1061.3432827997083,
              "count": 441712,
              "self": 1061.3432827997083
            },
            {
              "name": "_update_policy",
              "total": 1679.8594991999994,
              "count": 974,
              "self": 919.2307868000228,
              "children": [
                {
                  "name": "PPOPolicy.update",
                  "total": 760.6287123999766,
                  "count": 29220,
                  "self": 760.6287123999766
                }
              ]
            }
          ]
        }
      ]
    }
  ]
}