{
  "name": "root",
  "gauges": [
    {
      "name": "VehicleBrain.mean_reward",
      "value": 24.98499944154173,
      "min": 0.09666992927902358,
      "max": 101.8499977234751,
      "count": 709
    }
  ],
  "total": 9105.5561375,
  "count": 1,
  "self": 137.55543829979433,
  "children": [
    {
      "name": "TrainerController.advance",
      "total": 8968.000699200205,
      "count": 307798,
      "self": 5.310618400089879,
      "children": [
        {
          "name": "env_step",
          "total": 6763.439242700096,
          "count": 307798,
          "self": 6432.274890799646,
          "children": [
            {
              "name": "SubprocessEnvManager._take_step",
              "total": 326.7065769001136,
              "count": 307798,
              "self": 17.16576939995008,
              "children": [
                {
                  "name": "PPOPolicy.evaluate",
                  "total": 309.5408075001635,
                  "count": 307798,
                  "self": 309.5408075001635
                }
              ]
            },
            {
              "name": "workers",
              "total": 4.457775000336937,
              "count": 307798,
              "self": 0.0,
              "children": [
                {
                  "name": "worker_root",
                  "total": 9096.19826320009,
                  "count": 307798,
                  "is_parallel": true,
                  "self": 3110.7651526001873,
                  "children": [
                    {
                      "name": "batched_step_result_from_proto",
                      "total": 0.0010223999999965372,
                      "count": 1,
                      "is_parallel": true,
                      "self": 0.00014959999999319962,
                      "children": [
                        {
                          "name": "_process_vector_observation",
                          "total": 0.0008728000000033376,
                          "count": 1,
                          "is_parallel": true,
                          "self": 0.0008728000000033376
                        }
                      ]
                    },
                    {
                      "name": "UnityEnvironment.step",
                      "total": 5985.432088199904,
                      "count": 307798,
                      "is_parallel": true,
                      "self": 47.39300510004614,
                      "children": [
                        {
                          "name": "UnityEnvironment._generate_step_input",
                          "total": 68.83073479987016,
                          "count": 307798,
                          "is_parallel": true,
                          "self": 68.83073479987016
                        },
                        {
                          "name": "communicator.exchange",
                          "total": 5743.584507000156,
                          "count": 307798,
                          "is_parallel": true,
                          "self": 5743.584507000156
                        },
                        {
                          "name": "batched_step_result_from_proto",
                          "total": 125.62384129983177,
                          "count": 307798,
                          "is_parallel": true,
                          "self": 26.98405059993165,
                          "children": [
                            {
                              "name": "_process_vector_observation",
                              "total": 98.63979069990012,
                              "count": 307798,
                              "is_parallel": true,
                              "self": 98.63979069990012
                            }
                          ]
                        }
                      ]
                    }
                  ]
                }
              ]
            }
          ]
        },
        {
          "name": "trainer_advance",
          "total": 2199.2508381000202,
          "count": 307798,
          "self": 18.984933200303203,
          "children": [
            {
              "name": "process_trajectory",
              "total": 1167.0059131997104,
              "count": 307798,
              "self": 1167.0059131997104
            },
            {
              "name": "_update_policy",
              "total": 1013.2599917000067,
              "count": 691,
              "self": 569.8965353000123,
              "children": [
                {
                  "name": "PPOPolicy.update",
                  "total": 443.36345639999445,
                  "count": 20730,
                  "self": 443.36345639999445
                }
              ]
            }
          ]
        }
      ]
    }
  ]
}