{
  "name": "root",
  "gauges": [
    {
      "name": "VehicleBrain.mean_reward",
      "value": 2.946012815866897,
      "min": 1.745737995688493,
      "max": 8.160001551732421,
      "count": 100
    }
  ],
  "total": 371.7081741,
  "count": 1,
  "self": 17.801395599998614,
  "children": [
    {
      "name": "TrainerController.advance",
      "total": 353.9067785000014,
      "count": 18924,
      "self": 0.3070121000013728,
      "children": [
        {
          "name": "env_step",
          "total": 185.85371609999908,
          "count": 18924,
          "self": 167.11391970000383,
          "children": [
            {
              "name": "SubprocessEnvManager._take_step",
              "total": 18.4783804999988,
              "count": 18924,
              "self": 1.3897214000000737,
              "children": [
                {
                  "name": "PPOPolicy.evaluate",
                  "total": 17.088659099998726,
                  "count": 18924,
                  "self": 17.088659099998726
                }
              ]
            },
            {
              "name": "workers",
              "total": 0.261415899996436,
              "count": 18924,
              "self": 0.0,
              "children": [
                {
                  "name": "worker_root",
                  "total": 370.2303970000031,
                  "count": 18924,
                  "is_parallel": true,
                  "self": 237.59663600000363,
                  "children": [
                    {
                      "name": "batched_step_result_from_proto",
                      "total": 0.0018028999999994966,
                      "count": 1,
                      "is_parallel": true,
                      "self": 0.00022569999999966228,
                      "children": [
                        {
                          "name": "_process_vector_observation",
                          "total": 0.0015771999999998343,
                          "count": 1,
                          "is_parallel": true,
                          "self": 0.0015771999999998343
                        }
                      ]
                    },
                    {
                      "name": "UnityEnvironment.step",
                      "total": 132.63195809999948,
                      "count": 18924,
                      "is_parallel": true,
                      "self": 4.683325700005028,
                      "children": [
                        {
                          "name": "UnityEnvironment._generate_step_input",
                          "total": 7.718832000000026,
                          "count": 18924,
                          "is_parallel": true,
                          "self": 7.718832000000026
                        },
                        {
                          "name": "communicator.exchange",
                          "total": 105.97049569999598,
                          "count": 18924,
                          "is_parallel": true,
                          "self": 105.97049569999598
                        },
                        {
                          "name": "batched_step_result_from_proto",
                          "total": 14.259304699998454,
                          "count": 18924,
                          "is_parallel": true,
                          "self": 2.360973299997662,
                          "children": [
                            {
                              "name": "_process_vector_observation",
                              "total": 11.898331400000792,
                              "count": 18924,
                              "is_parallel": true,
                              "self": 11.898331400000792
                            }
                          ]
                        }
                      ]
                    }
                  ]
                }
              ]
            }
          ]
        },
        {
          "name": "trainer_advance",
          "total": 167.74605030000092,
          "count": 18924,
          "self": 1.1385789000017041,
          "children": [
            {
              "name": "process_trajectory",
              "total": 64.62039339999953,
              "count": 18924,
              "self": 64.62039339999953
            },
            {
              "name": "_update_policy",
              "total": 101.9870779999997,
              "count": 95,
              "self": 76.47479939999931,
              "children": [
                {
                  "name": "PPOPolicy.update",
                  "total": 25.512278600000393,
                  "count": 2871,
                  "self": 25.512278600000393
                }
              ]
            }
          ]
        }
      ]
    }
  ]
}