{"cameraMode":{"drawMode":0,"name":"Shaded","section":"Shading Mode"},"sceneLighting":true,"audioPlay":false,"sceneViewState":{"showFog":true,"showMaterialUpdate":false,"showSkybox":true,"showFlares":true,"showImageEffects":true,"showParticleSystems":true},"in2DMode":false,"pivot":{"x":0.41195249557495119,"y":1.5473852157592774,"z":0.5768756866455078},"rotation":{"x":-0.07131708413362503,"y":0.9235756397247315,"z":-0.3120296895503998,"w":-0.2110912948846817},"size":22.552776336669923,"orthographic":false}