{"cameraMode":{"drawMode":0,"name":"Shaded","section":"Shading Mode"},"sceneLighting":true,"audioPlay":false,"sceneViewState":{"showFog":true,"showMaterialUpdate":false,"showSkybox":true,"showFlares":true,"showImageEffects":true,"showParticleSystems":true},"in2DMode":false,"pivot":{"x":-28.40346908569336,"y":8.340415954589844,"z":-33.688865661621097},"rotation":{"x":0.23403960466384889,"y":-0.23914071917533875,"z":0.05951116606593132,"w":0.9404762983322144},"size":48.12531280517578,"orthographic":false}