{"cameraMode":{"drawMode":0,"name":"Shaded","section":"Shading Mode"},"sceneLighting":false,"audioPlay":false,"sceneViewState":{"showFog":true,"showMaterialUpdate":false,"showSkybox":false,"showFlares":true,"showImageEffects":true,"showParticleSystems":true},"in2DMode":false,"pivot":{"x":-15.464101791381836,"y":24.88417625427246,"z":-38.943111419677737},"rotation":{"x":0.6197234392166138,"y":-0.0035316573921591045,"z":0.0027887739706784488,"w":0.7848073840141296},"size":19.327852249145509,"orthographic":false}