{"cameraMode":{"drawMode":0,"name":"Shaded","section":"Shading Mode"},"sceneLighting":true,"audioPlay":false,"sceneViewState":{"showFog":true,"showMaterialUpdate":true,"showSkybox":true,"showFlares":true,"showImageEffects":true,"showParticleSystems":true},"in2DMode":false,"pivot":{"x":1.6588530540466309,"y":-0.2585263252258301,"z":-1.9994678497314454},"rotation":{"x":-0.05672914907336235,"y":0.9409330487251282,"z":-0.1993824988603592,"w":-0.2677191197872162},"size":31.452322006225587,"orthographic":false}