{"cameraMode":{"drawMode":0,"name":"Shaded","section":"Shading Mode"},"sceneLighting":true,"audioPlay":false,"sceneViewState":{"showFog":true,"showMaterialUpdate":false,"showSkybox":true,"showFlares":true,"showImageEffects":true,"showParticleSystems":true},"in2DMode":false,"pivot":{"x":-15.259657859802246,"y":1.2056280374526978,"z":109.66331481933594},"rotation":{"x":0.3702436685562134,"y":0.4023387134075165,"z":-0.1822851151227951,"w":0.81719970703125},"size":213.875244140625,"orthographic":false}