{"cameraMode":{"drawMode":0,"name":"Shaded","section":"Shading Mode"},"sceneLighting":true,"audioPlay":false,"sceneViewState":{"showFog":true,"showMaterialUpdate":false,"showSkybox":true,"showFlares":true,"showImageEffects":true,"showParticleSystems":true},"in2DMode":false,"pivot":{"x":-10.549388885498047,"y":-3.7808837890625,"z":12.192558288574219},"rotation":{"x":0.54283607006073,"y":0.013855922035872937,"z":-0.00895761325955391,"w":0.8396766185760498},"size":144.77684020996095,"orthographic":false}