{"cameraMode":{"drawMode":0,"name":"Shaded","section":"Shading Mode"},"sceneLighting":false,"audioPlay":false,"sceneViewState":{"showFog":true,"showMaterialUpdate":false,"showSkybox":false,"showFlares":true,"showImageEffects":true,"showParticleSystems":true},"in2DMode":false,"pivot":{"x":1.133087158203125,"y":-0.14421546459197999,"z":-0.39499711990356448},"rotation":{"x":-0.06418928503990174,"y":0.43520405888557436,"z":-0.031125862151384355,"w":-0.8975011706352234},"size":8.171463012695313,"orthographic":false}