{"cameraMode":{"drawMode":0,"name":"Shaded","section":"Shading Mode"},"sceneLighting":true,"audioPlay":false,"sceneViewState":{"showFog":true,"showMaterialUpdate":false,"showSkybox":true,"showFlares":true,"showImageEffects":true,"showParticleSystems":true},"in2DMode":false,"pivot":{"x":-20.063995361328126,"y":8.248409271240235,"z":40.23735046386719},"rotation":{"x":-0.07136660069227219,"y":0.8758392930030823,"z":-0.13668207824230195,"w":-0.45730772614479067},"size":60.95590591430664,"orthographic":false}