{"cameraMode":{"drawMode":0,"name":"Shaded","section":"Shading Mode"},"sceneLighting":true,"audioPlay":false,"sceneViewState":{"showFog":true,"showMaterialUpdate":false,"showSkybox":true,"showFlares":true,"showImageEffects":true,"showParticleSystems":true},"in2DMode":false,"pivot":{"x":-16.39364242553711,"y":-1.742523193359375,"z":18.559242248535158},"rotation":{"x":-0.695344865322113,"y":-0.000651970854960382,"z":0.0006305922870524228,"w":-0.7186756730079651},"size":326.1009521484375,"orthographic":false}