{"cameraMode":{"drawMode":0,"name":"Shaded","section":"Shading Mode"},"sceneLighting":true,"audioPlay":false,"sceneViewState":{"showFog":true,"showMaterialUpdate":false,"showSkybox":true,"showFlares":true,"showImageEffects":true,"showParticleSystems":true},"in2DMode":false,"pivot":{"x":249.31129455566407,"y":-5.566535949707031,"z":380.23321533203127},"rotation":{"x":-0.21376971900463105,"y":-0.08720323443412781,"z":0.019162751734256746,"w":-0.9727954268455505},"size":1157.525390625,"orthographic":false}