{"count":1,"gauges":{"RollerBallBrain.CumulativeReward":{"count":283,"max":1,"min":0,"value":1,"weightedAverage":0.9999999}},"self":76.5742144,"total":77.41515489999999,"children":{"AgentSendState":{"count":3847,"self":0.013495,"total":0.0173057,"children":{"CollectObservations":{"count":2310,"self":0.0038106999999999998,"total":0.0038106999999999998,"children":null}}},"DecideAction":{"count":3847,"self":0.8001248,"total":0.8001248,"children":null},"AgentAct":{"count":3847,"self":0.0225099,"total":0.0225099,"children":null}}}