{"count":1,"gauges":{"RollerBallBrain.CumulativeReward":{"count":30,"max":1,"min":1,"value":1,"weightedAverage":1}},"self":7.0282776,"total":7.1729698,"children":{"AgentSendState":{"count":344,"self":0.0039968999999999994,"total":0.0049961,"children":{"CollectObservations":{"count":210,"self":0.0009992,"total":0.0009992,"children":null}}},"DecideAction":{"count":344,"self":0.1327137,"total":0.1327137,"children":null},"AgentAct":{"count":344,"self":0.0059835999999999995,"total":0.0059835999999999995,"children":null}}}