{"count":1,"gauges":{},"self":19.191569599999998,"total":23.2458255,"children":{"AgentSendState":{"count":965,"self":0.0077894999999999995,"total":0.0097945,"children":{"CollectObservations":{"count":161,"self":0.002005,"total":0.002005,"children":null}}},"DecideAction":{"count":965,"self":0.5793294,"total":0.5793294,"children":null},"AgentAct":{"count":965,"self":3.4641043999999996,"total":3.4641045,"children":null}}}