{"count":1,"gauges":{},"self":4.0552416,"total":4.8376690999999994,"children":{"AgentSendState":{"count":224,"self":0.007955799999999999,"total":0.0108912,"children":{"CollectObservations":{"count":224,"self":0.0029354,"total":0.0029354,"children":null}}},"DecideAction":{"count":224,"self":0.7645451,"total":0.7645451,"children":null},"AgentAct":{"count":224,"self":0.0059933,"total":0.0059933,"children":null}}}