{"count":1,"gauges":{},"self":95.602784,"total":111.9008051,"children":{"AgentSendState":{"count":5536,"self":0.0497002,"total":0.063959099999999991,"children":{"CollectObservations":{"count":5536,"self":0.0142589,"total":0.0142589,"children":null}}},"DecideAction":{"count":5536,"self":16.1126544,"total":16.112655,"children":null},"AgentAct":{"count":5536,"self":0.1194141,"total":0.1194141,"children":null}}}