{"count":1,"gauges":{},"self":4.7365484,"total":5.2787622999999995,"children":{"AgentSendState":{"count":225,"self":0.0087793,"total":0.010773999999999999,"children":{"CollectObservations":{"count":225,"self":0.0019947,"total":0.0019947,"children":null}}},"DecideAction":{"count":225,"self":0.5264168,"total":0.5264168,"children":null},"AgentAct":{"count":225,"self":0.0040257999999999995,"total":0.0040257999999999995,"children":null}}}