{"count":1,"gauges":{},"self":95.9018688,"total":222.2714407,"children":{"AgentSendState":{"count":6244,"self":0.0539423,"total":0.0715744,"children":{"CollectObservations":{"count":6244,"self":0.017632099999999998,"total":0.017632099999999998,"children":null}}},"DecideAction":{"count":6244,"self":19.129462399999998,"total":19.129461799999998,"children":null},"AgentAct":{"count":6244,"self":107.1675776,"total":107.1675752,"children":null}}}