{"count":1,"gauges":{},"self":218.4785408,"total":224.67985439999998,"children":{"AgentSendState":{"count":11195,"self":0.0475682,"total":0.0524923,"children":{"CollectObservations":{"count":1866,"self":0.0049241,"total":0.0049241,"children":null}}},"DecideAction":{"count":11195,"self":6.0105179999999994,"total":6.0105179999999994,"children":null},"AgentAct":{"count":11195,"self":0.1363212,"total":0.1363212,"children":null}}}