{"count":1,"gauges":{"VehicleBrain.CumulativeReward":{"count":344,"max":12.2501841,"min":-1,"value":-0.6600003,"weightedAverage":-0.7641313}},"self":2381.1678208,"total":2661.8938169999997,"children":{"AgentSendState":{"count":131499,"self":0.6398031,"total":0.7231114,"children":{"CollectObservations":{"count":21917,"self":0.0833083,"total":0.0833083,"children":null}}},"DecideAction":{"count":131499,"self":80.6416832,"total":80.641683,"children":null},"AgentAct":{"count":131499,"self":199.3602176,"total":199.36022219999998,"children":null}}}