{"count":1,"gauges":{},"self":177.770368,"total":183.44136949999998,"children":{"AgentSendState":{"count":9126,"self":0.0708874,"total":0.0787739,"children":{"CollectObservations":{"count":1521,"self":0.0078865,"total":0.0078865,"children":null}}},"DecideAction":{"count":9126,"self":5.45832,"total":5.45832,"children":null},"AgentAct":{"count":9126,"self":0.1319086,"total":0.1319086,"children":null}}}