{"count":1,"gauges":{},"self":5.179368,"total":5.9576629,"children":{"AgentSendState":{"count":284,"self":0.0039892999999999994,"total":0.0059838,"children":{"CollectObservations":{"count":284,"self":0.0019944999999999997,"total":0.0019944999999999997,"children":null}}},"DecideAction":{"count":284,"self":0.7663277,"total":0.7663277,"children":null},"AgentAct":{"count":284,"self":0.0049862,"total":0.0049862,"children":null}}}