{"count":1,"gauges":{},"self":1.4890832999999999,"total":1.4960049,"children":{"AgentSendState":{"count":36,"self":0.0019954,"total":0.0049267999999999994,"children":{"CollectObservations":{"count":36,"self":0.0029314,"total":0.0029314,"children":null}}}}}