{"count":1,"gauges":{},"self":16.9121152,"total":19.8266849,"children":{"AgentSendState":{"count":943,"self":0.0146728,"total":0.0205778,"children":{"CollectObservations":{"count":943,"self":0.005905,"total":0.005905,"children":null}}},"DecideAction":{"count":943,"self":2.8722179999999997,"total":2.8722179,"children":null},"AgentAct":{"count":943,"self":0.0207767,"total":0.0207767,"children":null}}}