{"count":1,"gauges":{},"self":50.4133664,"total":59.511846899999995,"children":{"AgentSendState":{"count":2919,"self":0.021146699999999997,"total":0.032593,"children":{"CollectObservations":{"count":2919,"self":0.0114463,"total":0.0114463,"children":null}}},"DecideAction":{"count":2919,"self":9.00428,"total":9.0042796,"children":null},"AgentAct":{"count":2919,"self":0.060613,"total":0.060613,"children":null}}}