{"count":1,"gauges":{},"self":266.5672704,"total":274.5779482,"children":{"AgentSendState":{"count":13691,"self":0.0409171,"total":0.049573099999999995,"children":{"CollectObservations":{"count":2282,"self":0.0086559999999999988,"total":0.0086559999999999988,"children":null}}},"DecideAction":{"count":13691,"self":7.8249296,"total":7.8249299999999993,"children":null},"AgentAct":{"count":13691,"self":0.13418,"total":0.13418,"children":null}}}