{"count":1,"gauges":{"VehicleBrain.CumulativeReward":{"count":4,"max":0.359999925,"min":-0.98,"value":-0.98,"weightedAverage":-0.310625136}},"self":14.268705599999999,"total":14.745589599999999,"children":{"AgentSendState":{"count":716,"self":0.004898,"total":0.0068612,"children":{"CollectObservations":{"count":120,"self":0.0019632,"total":0.0019632,"children":null}}},"DecideAction":{"count":716,"self":0.4563288,"total":0.4563288,"children":null},"AgentAct":{"count":716,"self":0.0117002,"total":0.0117002,"children":null}}}