{"count":1,"gauges":{},"self":77.8800576,"total":92.6988854,"children":{"AgentSendState":{"count":4576,"self":0.0259123,"total":0.041152,"children":{"CollectObservations":{"count":4576,"self":0.0152397,"total":0.0152397,"children":null}}},"DecideAction":{"count":4576,"self":14.6886096,"total":14.688609699999999,"children":null},"AgentAct":{"count":4576,"self":0.088067499999999993,"total":0.088067499999999993,"children":null}}}