{"count":1,"gauges":{},"self":26.911577599999998,"total":28.0017732,"children":{"AgentSendState":{"count":1359,"self":0.0098170999999999987,"total":0.0117425,"children":{"CollectObservations":{"count":227,"self":0.0019253999999999999,"total":0.0019253999999999999,"children":null}}},"DecideAction":{"count":1359,"self":1.0616919999999999,"total":1.0616919999999999,"children":null},"AgentAct":{"count":1359,"self":0.0157613,"total":0.0157613,"children":null}}}