{"count":1,"gauges":{},"self":4.2217956,"total":4.9002127,"children":{"AgentSendState":{"count":230,"self":0.0107602,"total":0.012754699999999999,"children":{"CollectObservations":{"count":230,"self":0.0019944999999999997,"total":0.0019944999999999997,"children":null}}},"DecideAction":{"count":230,"self":0.65966629999999993,"total":0.65966629999999993,"children":null},"AgentAct":{"count":230,"self":0.0049987,"total":0.0049987,"children":null}}}