{"count":1,"gauges":{},"self":91.5049408,"total":94.1223076,"children":{"AgentSendState":{"count":4689,"self":0.0194321,"total":0.0233843,"children":{"CollectObservations":{"count":782,"self":0.0039521999999999995,"total":0.0039521999999999995,"children":null}}},"DecideAction":{"count":4689,"self":2.565578,"total":2.565578,"children":null},"AgentAct":{"count":4689,"self":0.027411099999999997,"total":0.027411099999999997,"children":null}}}