{"count":1,"gauges":{},"self":1.6224722,"total":1.7561133999999998,"children":{"AgentSendState":{"count":67,"self":0.0108104,"total":0.0167667,"children":{"CollectObservations":{"count":720,"self":0.0059562999999999994,"total":0.0059562999999999994,"children":null}}},"DecideAction":{"count":67,"self":0.1089489,"total":0.1089489,"children":null},"AgentAct":{"count":67,"self":0.0069270999999999994,"total":0.0069270999999999994,"children":null}}}