{"count":1,"gauges":{},"self":7.0134647999999995,"total":7.289606,"children":{"AgentSendState":{"count":353,"self":0.0068902999999999994,"total":0.0088848,"children":{"CollectObservations":{"count":59,"self":0.0019944999999999997,"total":0.0019944999999999997,"children":null}}},"DecideAction":{"count":353,"self":0.2643126,"total":0.2643126,"children":null},"AgentAct":{"count":353,"self":0.0019464999999999999,"total":0.0019464999999999999,"children":null}}}