{"count":1,"gauges":{},"self":14.0290144,"total":14.429739099999999,"children":{"AgentSendState":{"count":705,"self":0.0049504,"total":0.0069483999999999995,"children":{"CollectObservations":{"count":118,"self":0.0019979999999999998,"total":0.0019979999999999998,"children":null}}},"DecideAction":{"count":705,"self":0.3849761,"total":0.3849761,"children":null},"AgentAct":{"count":705,"self":0.0078029,"total":0.0078029,"children":null}}}