{"count":1,"gauges":{},"self":51.5522016,"total":52.6912101,"children":{"AgentSendState":{"count":2604,"self":0.011464499999999999,"total":0.014401299999999999,"children":{"CollectObservations":{"count":434,"self":0.0029368,"total":0.0029368,"children":null}}},"DecideAction":{"count":2604,"self":1.1090358,"total":1.1090358,"children":null},"AgentAct":{"count":2604,"self":0.0146063,"total":0.0146063,"children":null}}}