{"count":1,"gauges":{},"self":7.2914648,"total":7.6199466,"children":{"AgentSendState":{"count":370,"self":0.0355466,"total":0.0683618,"children":{"CollectObservations":{"count":3720,"self":0.032815199999999996,"total":0.032815199999999996,"children":null}}},"DecideAction":{"count":370,"self":0.21826669999999998,"total":0.21826669999999998,"children":null},"AgentAct":{"count":370,"self":0.040855999999999996,"total":0.040855999999999996,"children":null}}}