{"count":1,"gauges":{},"self":1.6346034999999999,"total":1.7331925,"children":{"AgentSendState":{"count":71,"self":0.0039995,"total":0.0049862,"children":{"CollectObservations":{"count":12,"self":0.00098669999999999986,"total":0.00098669999999999986,"children":null}}},"DecideAction":{"count":71,"self":0.0896357,"total":0.0896357,"children":null},"AgentAct":{"count":71,"self":0.0029693,"total":0.0029693,"children":null}}}