{"count":1,"gauges":{},"self":73.7151744,"total":75.6272006,"children":{"AgentSendState":{"count":3725,"self":0.013434499999999999,"total":0.016302499999999998,"children":{"CollectObservations":{"count":621,"self":0.002868,"total":0.002868,"children":null}}},"DecideAction":{"count":3725,"self":1.8780835999999999,"total":1.8780835999999999,"children":null},"AgentAct":{"count":3725,"self":0.0166445,"total":0.0166445,"children":null}}}