{"count":1,"gauges":{},"self":3.9172756,"total":4.1651516,"children":{"AgentSendState":{"count":165,"self":0.0197571,"total":0.0365567,"children":{"CollectObservations":{"count":1680,"self":0.016799599999999998,"total":0.016799599999999998,"children":null}}},"DecideAction":{"count":165,"self":0.1915811,"total":0.1915811,"children":null},"AgentAct":{"count":165,"self":0.0177386,"total":0.0177386,"children":null}}}