{"count":1,"gauges":{"RollerBallBrain.CumulativeReward":{"count":3214,"max":1,"min":0,"value":1,"weightedAverage":0.5199715}},"self":71.30304,"total":140.9312864,"children":{"AgentSendState":{"count":93284,"self":2.98506,"total":5.3040711,"children":{"CollectObservations":{"count":55974,"self":0.5480925,"total":0.5480925,"children":null},"AgentInfo.ToProto":{"count":55974,"self":1.0381242,"total":1.7709184999999998,"children":{"GenerateSensorData":{"count":55974,"self":0.7327943,"total":0.7327943,"children":null}}}}},"DecideAction":{"count":93284,"self":62.4929856,"total":62.4929846,"children":null},"AgentAct":{"count":93284,"self":1.6946968,"total":1.8291932,"children":{"AgentInfo.ToProto":{"count":3214,"self":0.0668386,"total":0.13449629999999999,"children":{"GenerateSensorData":{"count":3214,"self":0.0676577,"total":0.0676577,"children":null}}}}}}}