{"count":1,"gauges":{"RollerBallBrain.CumulativeReward":{"count":6983,"max":1,"min":0,"value":1,"weightedAverage":0.93424046}},"self":96.1142016,"total":220.7286086,"children":{"AgentSendState":{"count":166784,"self":4.9849096,"total":8.6925092,"children":{"CollectObservations":{"count":100074,"self":0.80059779999999992,"total":0.80059779999999992,"children":null},"AgentInfo.ToProto":{"count":100074,"self":1.6888687999999998,"total":2.9070017999999997,"children":{"GenerateSensorData":{"count":100074,"self":1.218133,"total":1.218133,"children":null}}}}},"DecideAction":{"count":166784,"self":112.8280448,"total":112.8280443,"children":null},"AgentAct":{"count":166784,"self":2.8260216,"total":3.091857,"children":{"AgentInfo.ToProto":{"count":6983,"self":0.1386532,"total":0.2658353,"children":{"GenerateSensorData":{"count":6983,"self":0.1271821,"total":0.1271821,"children":null}}}}}}}