{"count":1,"gauges":{"VehicleBrain.CumulativeReward":{"count":1,"max":2.45999813,"min":2.45999813,"value":2.45999813,"weightedAverage":2.45999813}},"self":56.182681599999995,"total":58.298841499999995,"children":{"AgentSendState":{"count":2885,"self":0.0114968,"total":0.0144228,"children":{"CollectObservations":{"count":481,"self":0.0029259999999999998,"total":0.0029259999999999998,"children":null}}},"DecideAction":{"count":2885,"self":2.0735007999999997,"total":2.0735007999999997,"children":null},"AgentAct":{"count":2885,"self":0.0272389,"total":0.0272389,"children":null}}}