{"count":1,"gauges":{"VehicleBrain.CumulativeReward":{"count":57,"max":-9.969381,"min":-50,"value":-19.9872589,"weightedAverage":-30.7111855}},"self":66.1944896,"total":68.4295271,"children":{"AgentSendState":{"count":3399,"self":0.014410899999999999,"total":0.0163594,"children":{"CollectObservations":{"count":567,"self":0.0019485,"total":0.0019485,"children":null}}},"DecideAction":{"count":3399,"self":2.18517,"total":2.1851701,"children":null},"AgentAct":{"count":3399,"self":0.032512599999999996,"total":0.032512599999999996,"children":null}}}