{"count":1,"gauges":{"VehicleBrain.CumulativeReward":{"count":63,"max":0.17,"min":-0.98,"value":0.049999997,"weightedAverage":-0.05593749}},"self":21.1235952,"total":21.158203999999998,"children":{"AgentSendState":{"count":1563,"self":0.0106308,"total":0.0116274,"children":{"CollectObservations":{"count":261,"self":0.0009966,"total":0.0009966,"children":null}}},"DecideAction":{"count":1563,"self":0.0066773,"total":0.0066773,"children":null},"AgentAct":{"count":1563,"self":0.0153063,"total":0.0153063,"children":null}}}