{"count":1,"gauges":{"VehicleBrain.CumulativeReward":{"count":349690,"max":58.0862541,"min":-1,"value":3.40999651,"weightedAverage":2.06523538}},"self":1596.3805696,"total":44781.8509233,"children":{"AgentSendState":{"count":854501,"self":1732.8867328,"total":4563.3257451,"children":{"CollectObservations":{"count":92286108,"self":796.30791679999993,"total":796.3079197,"children":null},"AgentInfo.ToProto":{"count":92286108,"self":1050.0640767999998,"total":2034.1310408,"children":{"GenerateSensorData":{"count":92286108,"self":984.0669696,"total":984.0669562999999,"children":null}}}}},"DecideAction":{"count":854501,"self":38192.9095168,"total":38192.909219299996,"children":null},"AgentAct":{"count":854501,"self":417.9132672,"total":429.23440739999995,"children":{"AgentInfo.ToProto":{"count":349690,"self":5.4827876,"total":11.321133999999999,"children":{"GenerateSensorData":{"count":349690,"self":5.8383464,"total":5.8383464,"children":null}}}}}}}