{"count":1,"gauges":{"VehicleBrain.CumulativeReward":{"count":677,"max":0.299999982,"min":-0.99,"value":0.08999999,"weightedAverage":0.04433221}},"self":6.1129999999999995,"total":6.234,"children":{"AgentSendState":{"count":273,"self":0.039,"total":0.06,"children":{"CollectObservations":{"count":2484,"self":0.020999999999999998,"total":0.020999999999999998,"children":null}}},"DecideAction":{"count":273,"self":0.001,"total":0.001,"children":null},"AgentAct":{"count":273,"self":0.059,"total":0.059,"children":null}}}