{"count":1,"gauges":{"VehicleBrain.CumulativeReward":{"count":242,"max":0.69999963,"min":-0.8800001,"value":-0.8700001,"weightedAverage":-0.522422135}},"self":14.822382399999999,"total":15.269404699999999,"children":{"AgentSendState":{"count":718,"self":0.018472799999999998,"total":0.0388499,"children":{"CollectObservations":{"count":5505,"self":0.0203771,"total":0.0203771,"children":null}}},"DecideAction":{"count":718,"self":0.3847614,"total":0.3847614,"children":null},"AgentAct":{"count":718,"self":0.0223537,"total":0.0223537,"children":null}}}