{"count":1,"gauges":{"VehicleBrain.CumulativeReward":{"count":660,"max":15.6002617,"min":1.2999984,"value":1.39999831,"weightedAverage":2.102107}},"self":126.29592319999999,"total":131.7599895,"children":{"AgentSendState":{"count":26760,"self":1.6186342,"total":3.3076862,"children":{"CollectObservations":{"count":267600,"self":1.689052,"total":1.689052,"children":null}}},"DecideAction":{"count":26760,"self":0.14943869999999998,"total":0.14943869999999998,"children":null},"AgentAct":{"count":26760,"self":2.0059392,"total":2.0059392,"children":null}}}