{"count":1,"gauges":{"VehicleBrain.CumulativeReward":{"count":30,"max":0.559999764,"min":0.139999986,"value":0.139999986,"weightedAverage":0.145612627}},"self":3.8527671999999997,"total":4.031051,"children":{"AgentSendState":{"count":159,"self":0.0059517,"total":0.0108974,"children":{"CollectObservations":{"count":1227,"self":0.0049457,"total":0.0049457,"children":null}}},"DecideAction":{"count":159,"self":0.15649739999999998,"total":0.15649739999999998,"children":null},"AgentAct":{"count":159,"self":0.0098923999999999991,"total":0.0098923999999999991,"children":null}}}