{"count":1,"gauges":{"VehicleBrain.CumulativeReward":{"count":2,"max":0.8699988,"min":0.68999964,"value":0.8699988,"weightedAverage":0.7349994}},"self":49.299171199999996,"total":50.655898799999996,"children":{"AgentSendState":{"count":2519,"self":0.0135772,"total":0.0155257,"children":{"CollectObservations":{"count":420,"self":0.0019485,"total":0.0019485,"children":null}}},"DecideAction":{"count":2519,"self":1.3165824,"total":1.3165824,"children":null},"AgentAct":{"count":2519,"self":0.023618899999999998,"total":0.023618899999999998,"children":null}}}