{"count":1,"gauges":{"My Behavior.CumulativeReward":{"count":94,"max":INF,"min":-955.9239,"value":628.8346,"weightedAverage":INF}},"self":4.4102008,"total":39.4621934,"children":{"AgentSendState":{"count":2251,"self":0.5975186,"total":10.3697609,"children":{"CollectObservations":{"count":20259,"self":0.22255599999999998,"total":0.22255599999999998,"children":null},"AgentInfo.ToProto":{"count":20259,"self":0.4253978,"total":9.5496863,"children":{"GenerateSensorData":{"count":20259,"self":9.1242888,"total":9.1242885,"children":null}}}}},"DecideAction":{"count":2251,"self":18.947654399999998,"total":18.9476545,"children":null},"AgentAct":{"count":2251,"self":5.7315828,"total":5.7335802,"children":{"AgentInfo.ToProto":{"count":94,"self":0.0009985,"total":0.0019974,"children":{"GenerateSensorData":{"count":94,"self":0.0009989,"total":0.0009989,"children":null}}}}}}}