{"count":1,"gauges":{"VehicleBrain.CumulativeReward":{"count":4847953,"max":0.04,"min":-1,"value":-0.9200001,"weightedAverage":-0.91086483}},"self":3149.195264,"total":42192.6897924,"children":{"AgentSendState":{"count":2354417,"self":595.9281664,"total":1524.9635973,"children":{"CollectObservations":{"count":21189762,"self":242.64460799999998,"total":242.6446086,"children":null},"AgentInfo.ToProto":{"count":21189762,"self":377.495168,"total":686.39080589999992,"children":{"GenerateSensorData":{"count":21189762,"self":308.8956416,"total":308.8956422,"children":null}}}}},"DecideAction":{"count":2354417,"self":36620.628787199996,"total":36620.6277298,"children":null},"AgentAct":{"count":2354417,"self":707.8497792,"total":897.90210949999994,"children":{"AgentInfo.ToProto":{"count":4847953,"self":103.7430912,"total":190.05232289999998,"children":{"GenerateSensorData":{"count":4847953,"self":86.309235199999989,"total":86.3092348,"children":null}}}}}}}
