{"count":1,"gauges":{"My Behavior.CumulativeReward":{"count":185,"max":0.210000023,"min":-0.99,"value":-0.960000038,"weightedAverage":-0.7517052}},"self":655.00288,"total":677.55378799999994,"children":{"AgentSendState":{"count":33709,"self":0.23057729999999999,"total":0.25575549999999997,"children":{"CollectObservations":{"count":5619,"self":0.025178199999999998,"total":0.025178199999999998,"children":null}}},"DecideAction":{"count":33709,"self":21.8758576,"total":21.8758576,"children":null},"AgentAct":{"count":33709,"self":0.4183017,"total":0.4183017,"children":null}}}