{"count":1,"gauges":{"VehicleBrain.CumulativeReward":{"count":5,"max":1571.26709,"min":-452.276855,"value":-452.276855,"weightedAverage":575.9297}},"self":7.3039704,"total":7.6255915,"children":{"AgentSendState":{"count":544,"self":0.0057978,"total":0.0068008,"children":{"CollectObservations":{"count":91,"self":0.001003,"total":0.001003,"children":null}}},"DecideAction":{"count":544,"self":0,"total":0,"children":null},"AgentAct":{"count":544,"self":0.31382299999999996,"total":0.31382299999999996,"children":null}}}