{"count":1,"gauges":{"VehicleBrain.CumulativeReward":{"count":2,"max":5.280026,"min":0.209999353,"value":0.209999353,"weightedAverage":4.01251936}},"self":105.4060736,"total":108.7113241,"children":{"AgentSendState":{"count":5394,"self":0.029293,"total":0.0352231,"children":{"CollectObservations":{"count":899,"self":0.0059301,"total":0.0059301,"children":null}}},"DecideAction":{"count":5394,"self":3.2009741999999997,"total":3.2009741999999997,"children":null},"AgentAct":{"count":5394,"self":0.068053099999999991,"total":0.068053099999999991,"children":null}}}