{"count":1,"gauges":{},"self":28.471919999999997,"total":29.3804876,"children":{"AgentSendState":{"count":1417,"self":0.0068286,"total":0.0117558,"children":{"CollectObservations":{"count":237,"self":0.0049272,"total":0.0049272,"children":null}}},"DecideAction":{"count":1417,"self":0.87589849999999991,"total":0.87589849999999991,"children":null},"AgentAct":{"count":1417,"self":0.0199167,"total":0.0199167,"children":null}}}