{"count":1,"gauges":{},"self":60.5587904,"total":62.732296,"children":{"AgentSendState":{"count":3002,"self":0.013721599999999999,"total":0.0176109,"children":{"CollectObservations":{"count":501,"self":0.0038892999999999996,"total":0.0038892999999999996,"children":null}}},"DecideAction":{"count":3002,"self":2.1222696,"total":2.1222697,"children":null},"AgentAct":{"count":3002,"self":0.0316115,"total":0.0316115,"children":null}}}