{"count":1,"gauges":{"VehicleBrain.CumulativeReward":{"count":2163138,"max":6.14004469,"min":-1,"value":-0.8700001,"weightedAverage":-0.6065967}},"self":5866.8240896,"total":58144.292427399996,"children":{"AgentSendState":{"count":4494167,"self":935.83964159999994,"total":2337.2860603,"children":{"CollectObservations":{"count":40447512,"self":362.6587136,"total":362.65872559999997,"children":null},"AgentInfo.ToProto":{"count":40447512,"self":573.66702079999993,"total":1038.7877145999998,"children":{"GenerateSensorData":{"count":40447512,"self":465.12071679999997,"total":465.1207022,"children":null}}}}},"DecideAction":{"count":4494167,"self":48917.9086848,"total":48917.9083466,"children":null},"AgentAct":{"count":4494167,"self":944.53841919999991,"total":1022.2727682,"children":{"AgentInfo.ToProto":{"count":2163138,"self":39.6960672,"total":77.734344499999992,"children":{"GenerateSensorData":{"count":2163138,"self":38.0382752,"total":38.038275899999995,"children":null}}}}}}}