{"count":1,"gauges":{"VehicleBrain.CumulativeReward":{"count":1939,"max":0.0599999949,"min":-1,"value":-0.960000038,"weightedAverage":-0.226546109}},"self":6.1429312,"total":6.2144802,"children":{"AgentSendState":{"count":292,"self":0.0202648,"total":0.044445399999999996,"children":{"CollectObservations":{"count":2646,"self":0.0241806,"total":0.0241806,"children":null}}},"DecideAction":{"count":292,"self":0.0019302999999999998,"total":0.0019302999999999998,"children":null},"AgentAct":{"count":292,"self":0.024176,"total":0.024176,"children":null}}}