{"count":1,"gauges":{"VehicleBrain.CumulativeReward":{"count":60,"max":0.559999764,"min":-0.7700002,"value":-0.7700002,"weightedAverage":-0.7578385}},"self":5.5747688,"total":5.8365806,"children":{"AgentSendState":{"count":244,"self":0.018737,"total":0.0364801,"children":{"CollectObservations":{"count":1871,"self":0.017743099999999998,"total":0.017743099999999998,"children":null}}},"DecideAction":{"count":244,"self":0.2106197,"total":0.2106197,"children":null},"AgentAct":{"count":244,"self":0.0127172,"total":0.0127172,"children":null}}}