{"count":1,"gauges":{},"self":1.4323458,"total":1.5316170999999998,"children":{"AgentSendState":{"count":65,"self":0.0049857,"total":0.0098453,"children":{"CollectObservations":{"count":506,"self":0.0048595999999999995,"total":0.0048595999999999995,"children":null}}},"DecideAction":{"count":65,"self":0.0814215,"total":0.0814215,"children":null},"AgentAct":{"count":65,"self":0.0069835999999999995,"total":0.0069835999999999995,"children":null}}}