{"count":1,"gauges":{"VehicleBrain.CumulativeReward":{"count":503,"max":266390.8,"min":4982.05469,"value":30110.6074,"weightedAverage":57012.1055}},"self":9.6131536,"total":22.2528224,"children":{"AgentSendState":{"count":64740,"self":3.7077603999999997,"total":7.7551448999999995,"children":{"CollectObservations":{"count":647400,"self":4.0473843999999994,"total":4.0473845,"children":null}}},"DecideAction":{"count":64740,"self":0.3747697,"total":0.3747697,"children":null},"AgentAct":{"count":64740,"self":4.5087576,"total":4.5087576,"children":null}}}