{"count":1,"gauges":{"VehicleBrain.CumulativeReward":{"count":316035,"max":249.74202,"min":-0.99,"value":23.3504372,"weightedAverage":28.3268585}},"self":1621.1971072,"total":7761.656774,"children":{"AgentSendState":{"count":1036084,"self":257.1303168,"total":651.5642889,"children":{"CollectObservations":{"count":9324774,"self":102.9743424,"total":102.9743451,"children":null},"AgentInfo.ToProto":{"count":9324774,"self":158.6031744,"total":291.4596335,"children":{"GenerateSensorData":{"count":9324774,"self":132.856448,"total":132.8564541,"children":null}}}}},"DecideAction":{"count":1036084,"self":5214.1109247999993,"total":5214.1108776,"children":null},"AgentAct":{"count":1036084,"self":262.1103104,"total":274.78248809999997,"children":{"AgentInfo.ToProto":{"count":316035,"self":6.4668592,"total":12.6721794,"children":{"GenerateSensorData":{"count":316035,"self":6.2053204,"total":6.2053204,"children":null}}}}}}}