{"count":1,"gauges":{"VehicleBrain.CumulativeReward":{"count":60,"max":0.559999764,"min":-0.7700002,"value":-0.7700002,"weightedAverage":-0.7578385}},"self":5.1108384,"total":5.3204933,"children":{"AgentSendState":{"count":245,"self":0.0068826,"total":0.0118703,"children":{"CollectObservations":{"count":1886,"self":0.0049876999999999994,"total":0.0049876999999999994,"children":null}}},"DecideAction":{"count":245,"self":0.18986699999999998,"total":0.18986699999999998,"children":null},"AgentAct":{"count":245,"self":0.0069245999999999995,"total":0.0069245999999999995,"children":null}}}