{"count":1,"gauges":{"VehicleBrain.CumulativeReward":{"count":1732,"max":0.5399998,"min":-0.99,"value":0.09999999,"weightedAverage":-0.03034571}},"self":22.605424,"total":22.849391699999998,"children":{"AgentSendState":{"count":1124,"self":0.0636495,"total":0.1611371,"children":{"CollectObservations":{"count":10152,"self":0.0974876,"total":0.0974876,"children":null}}},"DecideAction":{"count":1124,"self":0.0038758,"total":0.0038758,"children":null},"AgentAct":{"count":1124,"self":0.077956299999999992,"total":0.077956299999999992,"children":null}}}