{"count":1,"gauges":{"VehicleBrain.CumulativeReward":{"count":2863110,"max":0.049999997,"min":-1,"value":-0.7600002,"weightedAverage":-0.9318274}},"self":1284.708864,"total":13832.3822081,"children":{"AgentSendState":{"count":907334,"self":205.3029248,"total":523.2960398,"children":{"CollectObservations":{"count":8166042,"self":83.4517504,"total":83.4517482,"children":null},"AgentInfo.ToProto":{"count":8166042,"self":127.5062784,"total":234.54137029999998,"children":{"GenerateSensorData":{"count":8166042,"self":107.0350976,"total":107.0350976,"children":null}}}}},"DecideAction":{"count":907334,"self":11653.051187199999,"total":11653.050806199999,"children":null},"AgentAct":{"count":907334,"self":271.7591552,"total":371.3254588,"children":{"AgentInfo.ToProto":{"count":2863110,"self":54.376224,"total":99.566299399999991,"children":{"GenerateSensorData":{"count":2863110,"self":45.1900768,"total":45.1900766,"children":null}}}}}}}