{"count":1,"gauges":{"VehicleBrain.CumulativeReward":{"count":157409,"max":5.5200305,"min":-0.99,"value":-0.3600006,"weightedAverage":-0.3687659}},"self":733.68514559999994,"total":4110.5955386,"children":{"AgentSendState":{"count":555751,"self":135.2392448,"total":340.4366149,"children":{"CollectObservations":{"count":5001804,"self":53.8565888,"total":53.8565888,"children":null},"AgentInfo.ToProto":{"count":5001804,"self":82.3757696,"total":151.3407857,"children":{"GenerateSensorData":{"count":5001804,"self":68.9650176,"total":68.9650183,"children":null}}}}},"DecideAction":{"count":555751,"self":2888.7984128,"total":2888.79846,"children":null},"AgentAct":{"count":555751,"self":140.5866752,"total":147.6743083,"children":{"AgentInfo.ToProto":{"count":157409,"self":3.5823616,"total":7.0876394,"children":{"GenerateSensorData":{"count":157409,"self":3.5052779999999997,"total":3.5052779,"children":null}}}}}}}