{"count":1,"gauges":{"UnityCarAgent.CumulativeReward":{"count":19,"max":2.989997,"min":-0.510000467,"value":0.8699988,"weightedAverage":0.3673421}},"self":95.0465408,"total":97.578991699999989,"children":{"AgentSendState":{"count":4496,"self":0.0242428,"total":0.0436314,"children":{"CollectObservations":{"count":2248,"self":0.0193886,"total":0.0193886,"children":null}}},"DecideAction":{"count":4496,"self":2.3962904,"total":2.3962903,"children":null},"AgentAct":{"count":4496,"self":0.0915298,"total":0.0915298,"children":null}}}