{"count":1,"gauges":{"UnityCarAgent.CumulativeReward":{"count":9,"max":0.5099998,"min":-0.510000467,"value":-0.4900005,"weightedAverage":-0.198552027}},"self":29.732543999999997,"total":30.862902899999998,"children":{"AgentSendState":{"count":1492,"self":0.0089232,"total":0.0188213,"children":{"CollectObservations":{"count":746,"self":0.0098981,"total":0.0098981,"children":null}}},"DecideAction":{"count":1492,"self":1.0595991999999999,"total":1.0595991999999999,"children":null},"AgentAct":{"count":1492,"self":0.0509395,"total":0.0509395,"children":null}}}