{"count":1,"gauges":{"UnityCarAgent.CumulativeReward":{"count":21,"max":4.62001,"min":-0.510000467,"value":2.13999772,"weightedAverage":0.850353}},"self":122.21095679999999,"total":126.2722682,"children":{"AgentSendState":{"count":6295,"self":0.0513451,"total":0.0817754,"children":{"CollectObservations":{"count":3148,"self":0.030430299999999997,"total":0.030430299999999997,"children":null}}},"DecideAction":{"count":6295,"self":3.8353943999999998,"total":3.8353945,"children":null},"AgentAct":{"count":6295,"self":0.1431502,"total":0.1431502,"children":null}}}